<?xml version="1.0" encoding="UTF-8"?>
<project-private xmlns="http://www.netbeans.org/ns/project-private/1">
    <editor-bookmarks xmlns="http://www.netbeans.org/ns/editor-bookmarks/2" lastBookmarkId="0"/>
    <open-files xmlns="http://www.netbeans.org/ns/projectui-open-files/2">
        <group>
            <file>file:/C:/Users/manh0/Documents/Zalo%20Received%20Files/PRJ_ASSIGMENT%20(2)/PRJ/src/java/model/Book.java</file>
            <file>file:/C:/Users/manh0/Documents/Zalo%20Received%20Files/PRJ_ASSIGMENT%20(2)/PRJ/web/home.jsp</file>
            <file>file:/C:/Users/manh0/Documents/Zalo%20Received%20Files/PRJ_ASSIGMENT%20(2)/PRJ/src/java/controller/HomeServlet.java</file>
            <file>file:/C:/Users/manh0/Documents/Zalo%20Received%20Files/PRJ_ASSIGMENT%20(2)/PRJ/src/java/controller/DetailServlet.java</file>
            <file>file:/C:/Users/manh0/Documents/Zalo%20Received%20Files/PRJ_ASSIGMENT%20(2)/PRJ/web/Detail.jsp</file>
            <file>file:/C:/Users/manh0/Documents/Zalo%20Received%20Files/PRJ_ASSIGMENT%20(2)/PRJ/src/java/controller/SearchServlet.java</file>
            <file>file:/C:/Users/manh0/Documents/Zalo%20Received%20Files/PRJ_ASSIGMENT%20(2)/PRJ/web/Left.jsp</file>
            <file>file:/C:/Users/manh0/Documents/Zalo%20Received%20Files/PRJ_ASSIGMENT%20(2)/PRJ/web/listofbook.jsp</file>
            <file>file:/C:/Users/manh0/Documents/Zalo%20Received%20Files/PRJ_ASSIGMENT%20(2)/PRJ/web/Menu.jsp</file>
            <file>file:/C:/Users/manh0/Documents/Zalo%20Received%20Files/PRJ_ASSIGMENT%20(2)/PRJ/src/java/model/Category.java</file>
        </group>
    </open-files>
</project-private>
